,SNP ID,Genome assembly,chromosome,orientation,start_pos,end_pos,5Xmer,Clinical significance,SNP,residue,var type,Gene name,Gene ID,readingFrame,aaPosition
rs28937596,rs28937596,GRCh38.p7,3,+,184144111,184144111,GCTGGGCGCGGACATGGAGGACGTGCGCGGCCGCCTGGTGCAGTACCGCGG,pathogenic,C>T,W>R,missense,EIF2B5,8893,1,628
rs199472989,rs199472989,GRCh38.p7,7,-,150950320,150950320,AAACCCTTCCGAGGGGCCACCAAGGGCTGCCTTCGGGCCCTGGCCATGAAG,"pathogenic,not-provided,uncertain-significance",G>T,G>V,missense,KCNH2,3757,2,749
rs1131691518,rs1131691518,GRCh38.p7,20,-,63413513,63413513,CTGCGGCCCTACGACGTGATGGACGTCATCGAGCAGTACTCAGCCGGCCAC,likely-pathogenic,T>A,V>D,missense,KCNQ2,3785,2,539
rs730880853,rs730880853,GRCh38.p7,14,-,23431456,23431456,GGGAAATTCATTCGAATTCATTTTGGGGCAACAGGAAAGTTGGCATCTGCA,"likely-pathogenic,uncertain-significance",G>T,G>V,missense,MYH7,4625,2,253
rs28933676,rs28933676,GRCh38.p7,X,-,154904864,154904864,GAAAGTGCAACATCATATGGCACCCACTAAAGATGAGTTTGACTGCAAAGC,pathogenic,A>C,T>P,missense,F8,2157,1,1845
rs730882027,rs730882027,GRCh38.p7,17,-,7674211,7674211,ATGGGCGGCATGAACCGGAGGCCCATCCTCACCATCATCACACTGGAAGAC,"likely-pathogenic,uncertain-significance",T>G,I>S,missense,TP53,7157,2,251
rs1064793014,rs1064793014,GRCh38.p7,1,-,94007707,94007707,CCTCCTGGGAGTGAATGGTGCCGGCAAAACAACCACATTCAAGATGCTCAC,likely-pathogenic,A>G,K>E,missense,ABCA4,24,1,1978
rs118192143_0,rs118192143,GRCh38.p7,19,+,38580395,38580395,CTGGTGATGACCGTGGGCCTTCTGGCGGTGGTCGTCTACCTGTACACCGTG,"pathogenic,not-provided",C>T,A>V,missense,RYR1,6261,2,4846
rs118192143_1,rs118192143,GRCh38.p7,19,+,38580395,38580395,CTGGTGATGACCGTGGGCCTTCTGGCGGTGGTCGTCTACCTGTACACCGTG,"pathogenic,not-provided",C>G,A>G,missense,RYR1,6261,2,4840
rs1064795757,rs1064795757,GRCh38.p7,12,-,6592701,6592701,TGCTCAACTTTCTCACCCCCGAGAGGTTCCAGTAAGTATGTGTTTATCTGT,likely-pathogenic,G>C,R>S,missense,CHD4,1108,3,923
rs1057516211,rs1057516211,GRCh38.p7,X,-,130133325,130133325,GGAGCTGCTAAGCCGTACTGGCATCAGTCAATGTTCTGGTAATAGTGGTGT,pathogenic,A>G,Q>R,missense,AIFM1,9131,2,140
rs397515468,rs397515468,GRCh38.p7,16,-,77367614,77367614,CCTGCGGGTCACCATCCTCACGTACTGTACAAAAGGACAGCAGAGGAGAAG,pathogenic,T>C,C>R,missense,ADAMTS18,170692,1,29
rs397508183,rs397508183,GRCh38.p7,7,+,117548671,117548671,TGGGGAATTATTTGAGAAAGCAAAACAAAACAATAACAATAGAAAAACTTC,pathogenic,C>T,Q>*,stop-gained,CFTR,1080,1,414
rs104895098_0,rs104895098,GRCh38.p7,16,-,3243423,3243423,TGACTCTGTCGCCAGAGAATGGCTACTGGGTGGTGATAATGATGAAGGAAA,pathogenic,C>G,Y>*,stop-gained,MEFV,4210,3,688
rs104895098_1,rs104895098,GRCh38.p7,16,-,3243423,3243423,TGACTCTGTCGCCAGAGAATGGCTACTGGGTGGTGATAATGATGAAGGAAA,pathogenic,C>T,Y>Y,synonymous-codon,MEFV,4210,3,688
rs1009131948,rs1009131948,GRCh38.p7,2,-,178527548,178527548,GTCTGCCCAAAGCATGTCCTCCATGCAAGAGTCCTTTGTAGAAATGAGTTC,likely-pathogenic,C>T,Q>*,stop-gained,TTN,7273,1,34219
rs57599352,rs57599352,GRCh38.p7,12,-,52516688,52516688,GAGCTCATGAACACCAAGCTGGCCCTGGACGTGGAGATCGCCACTTACCGC,pathogenic,T>C,L>P,missense,KRT5,3852,2,463
rs397515464,rs397515464,GRCh38.p7,17,-,13005967,13005967,CTCTTTGTTGCAGCTTCACTTAAAGAGAGGAAACTTCTTGGTGCTCAAAGC,pathogenic,A>T,R>*,stop-gained,ELAC2,60528,1,211
rs12478318,rs12478318,GRCh38.p7,2,-,166277030,166277030,CTGTATGGAGGTCGCTGGTCAAGCTATGTGCCTTATTGTTTACATGATGGT,"benign,pathogenic",A>C,M>L,missense,SCN9A,6335,1,932
rs398123113,rs398123113,GRCh38.p7,X,+,153725880,153725880,CTGACGGAGGACGTGGTGGCCTTTGCGGCCTCTGTGGCCCACCTCTACTCC,likely-pathogenic,C>T,A>V,missense,ABCD1,215,2,205
rs72558415,rs72558415,GRCh38.p7,X,+,38403698,38403698,ATATCCTGCACTCCATCATGATGAGCGCAGCGAAATTCGGAATGCACCTTC,"likely-benign,pathogenic",C>T,S>S,synonymous-codon,OTC,5009,3,207
rs1114167297,rs1114167297,GRCh38.p7,10,-,32019912,32019912,GAGCAGGAACGTCTAAGAGTAGAACATGAGAAGTTGAAAGCCACAGATCAG,likely-pathogenic,A>G,H>R,missense,KIF5B,3799,2,751
rs121964974,rs121964974,GRCh38.p7,9,-,6588417,6588417,GGATCCTGCACCATGAAACTGAACAGTTCGTCTGAACTCGCAGTAAGTAGC,pathogenic,G>T,S>I,missense,GLDC,2731,2,564
rs796052643,rs796052643,GRCh38.p7,20,-,63438638,63438638,TTTGAGAAGAGGCGGAACCCGGCAGCAGGCCTGATCCAGGTGAGTCCAGGT,pathogenic,C>G,A>G,missense,KCNQ2,3785,2,337
rs1057518920,rs1057518920,GRCh38.p7,6,+,7575386,7575386,GCCCAGCAGATCCACTCTCAGACTTCACAGCAGTATCCACTTTATGATCTG,pathogenic,C>A,S>*,stop-gained,DSP,1832,2,843
rs1057519777,rs1057519777,GRCh38.p7,1,-,11109304,11109304,GCTATCCAGATTATTAACAGGGTTCGAGATAAGCTCACTGGTGAGTGTGTC,likely-pathogenic,G>A,R>Q,missense,MTOR,2475,2,2505
rs281875334,rs281875334,GRCh38.p7,7,-,5528496,5528496,TACCTCATGAAGATCCTCACCGAGCGCGGCTACAGCTTCACCACCACGGCC,pathogenic,G>A,R>H,missense,ACTB,60,2,196
rs199472726,rs199472726,GRCh38.p7,11,+,2572880,2572880,ACCACCCTGTACATCGGCTTCCTGGGCCTCATCTTCTCCTCGTACTTTGTG,"pathogenic,not-provided",G>A,G>D,missense,KCNQ1,3784,2,272
rs797045390,rs797045390,GRCh38.p7,X,+,78042726,78042726,CCCAGCTCTGGCAATGGCTAATGTGGGAATTGCTATTGGCACAGGCACAGA,pathogenic,G>A,G>R,missense,ATP7A,538,1,1315
rs786201957,rs786201957,GRCh38.p7,11,+,108279555,108279555,GAAAGCACTTCCTTTGAAGCTTCAGCAAACAGCTTTTGAAAATGCATACTT,pathogenic,C>T,Q>*,stop-gained,ATM,472,1,1117
rs1057519910,rs1057519910,GRCh38.p7,19,-,4117551,4117551,AGCAGAAGAAGCGGCTGGAAGCCTTTCTCACCCAGAAAGCCAAGGTCGGCG,likely-pathogenic,T>G,F>L,missense,MAP2K2,5605,3,57
rs397516933,rs397516933,GRCh38.p7,6,+,7580019,7580019,GCGAGCTGAAGAAAACGCCCTTCAGCAAAAGGCCTGTGGCTCTGAGATAAT,likely-pathogenic,C>T,Q>*,stop-gained,DSP,1832,1,1277
rs1064797284,rs1064797284,GRCh38.p7,20,-,63442411,63442411,CACCTACGCGGATGCACTCTGGTGGGGCCTGGTGAGTTGTGGTCATTGTGG,likely-pathogenic,G>C,G>R,missense,KCNQ2,3785,1,271
rs104894633,rs104894633,GRCh38.p7,17,+,17798371,17798371,GACAAGGGTCGCAAACATGAGTGCAGCAAGGAGGCTCCGGCAGAGCCCGGC,pathogenic,G>A,S>N,missense,RAI1,10743,2,1808
rs137852403,rs137852403,GRCh38.p7,X,-,154969438,154969438,CACACATTTCTTGTGAGGAACCATCGCCAGGCGTCCTTGGAAATCTCGCCA,pathogenic,G>T,R>L,missense,F8,2157,2,301
rs797045032,rs797045032,GRCh38.p7,7,+,143321720,143321721,TAATCTTTCAACGCTTTTAGGCTCTGGAATCCCCGAAATGAAGACAATACTT,"likely-pathogenic,pathogenic,uncertain-significance",GG>TC,G>S,missense,CLCN1,1180,1,190
rs104893957,rs104893957,GRCh38.p7,6,+,1610837,1610837,CAGAACAGCATCCGCCACAACCTCTCGCTCAACGAGTGCTTCGTCAAGGTG,pathogenic,C>T,S>L,missense,FOXC1,2296,2,131
rs1287308680,rs1287308680,GRCh38.p7,1,+,220110800,220110800,TTTTTTTAAAGTTATAAAGATGCTTCAGACTGCAAAGAATTTGTTGAAAGA,likely-pathogenic,C>A,Q>K,missense,IARS2,55699,1,448
rs587784299,rs587784299,GRCh38.p7,X,-,100407903,100407903,CTTAGTATCAAGGTGACCGACTCCAATGACAACAACCCGGTGTTTAGCGAG,"pathogenic,likely-pathogenic",A>G,N>S,missense,PCDH19,57526,2,232
rs121908316,rs121908316,GRCh38.p7,3,+,149150624,149150624,TAACAACCTGCAGTGTTTCACTGTGCGGTGCAGTGCGGCGGCAGCTCGTGA,pathogenic,C>T,R>W,missense,HPS3,84343,1,232
rs780684206,rs780684206,GRCh38.p7,9,-,35740567,35740567,CCTGACAGCACGGGGCAGCAGGTGTGGCAGGATCTACTTCAGGATGGACAG,likely-pathogenic,G>T,W>L,missense,GBA2,57704,2,363
rs796052005,rs796052005,GRCh38.p7,6,-,49459138,49459138,TTTAGGCCCTGGACCATCCGCCAGTATGCTGGTTTTAGTACTGTGGAAGAA,pathogenic,A>G,Y>C,missense,MUT,4594,2,110
rs121908805_0,rs121908805,GRCh38.p7,7,+,117559468,117559468,AATGATGGGTTTTATTTCCAGACTTCACTTCTAATGGTGATTATGGGAGAA,pathogenic,C>G,S>*,stop-gained,CFTR,1080,2,466
rs121908805_1,rs121908805,GRCh38.p7,7,+,117559468,117559468,AATGATGGGTTTTATTTCCAGACTTCACTTCTAATGGTGATTATGGGAGAA,pathogenic,C>T,S>L,missense,CFTR,1080,2,466
rs869312163,rs869312163,GRCh38.p7,X,-,101398032,101398032,GCCTGGGCTGTAGCTATGATAAACCGGCAGGAGATTGGTGGACCTCGCTCT,"drug-response,pathogenic,likely-pathogenic",G>A,R>Q,missense,GLA,2717,2,356
rs879254831,rs879254831,GRCh38.p7,19,+,11113298,11113298,CCCAGGCTCCATCGCCTACCTCTTCTTCACCAACCGGCACGAGGTCAGGAA,likely-pathogenic,T>C,F>L,missense,LDLR,3949,1,403
rs146645381,rs146645381,GRCh38.p7,4,+,75564364,75564364,GTTTTCCATTCCAGCCATTTTATTGGCCACACCGTTACCTTACTTATAGGT,pathogenic,G>A,G>D,missense,ODAPH,152816,2,121
rs1057520647,rs1057520647,GRCh38.p7,X,+,30694499,30694499,AGTTCAAAAGGCCGTTGAAGAAAAACGAGCTCTTTTTGGGACTATTGATTC,pathogenic,C>T,R>*,stop-gained,GK,2710,1,172
rs104894783,rs104894783,GRCh38.p7,X,-,111410260,111410260,CCGAACCAGAACCTTGCAGGCACTGAGTAATGAGAAGAAAGCCAAGAAGGT,pathogenic,A>C,S>R,missense,DCX,1641,1,128
rs1131691080,rs1131691080,GRCh38.p7,17,+,31223567,31223567,GGAATAAATTTCTTCTTAAAAATAAGGTAAGCAAAATGACATATTTAAAAA,"uncertain-significance,pathogenic",G>T,K>N,missense,NF1,4763,3,615
rs121909358_0,rs121909358,GRCh38.p7,5,+,42688934,42688934,ATTCACCAAGTGCCGTTCACCTGAGCGAGAGACTTTTTCATGCCACTGGAC,pathogenic,C>A,R>R,synonymous-codon,GHR,2690,1,61
rs121909358_1,rs121909358,GRCh38.p7,5,+,42688934,42688934,ATTCACCAAGTGCCGTTCACCTGAGCGAGAGACTTTTTCATGCCACTGGAC,pathogenic,C>G,R>G,missense,GHR,2690,1,61
rs121909358_2,rs121909358,GRCh38.p7,5,+,42688934,42688934,ATTCACCAAGTGCCGTTCACCTGAGCGAGAGACTTTTTCATGCCACTGGAC,pathogenic,C>T,R>*,stop-gained,GHR,2690,1,61
rs876660099,rs876660099,GRCh38.p7,17,+,31206278,31206278,GGTGGCCTAAGATTGATGCTGTGTATTGTCACTCGGTTGAACTTCGAAATA,pathogenic,T>G,Y>*,stop-gained,NF1,4763,3,433
rs886039808,rs886039808,GRCh38.p7,12,-,88083848,88083848,CTAAATAAATTCAAACAAACGGCTTGGGTAAGATTCTAAGAACTTTGTTCC,pathogenic,G>A,W>*,stop-gained,CEP290,80184,2,1604
rs753508874_0,rs753508874,GRCh38.p7,11,+,6393985,6393985,TATGATGAAGAGACTCTGAGCCGGCCGCTGGCTGTAGCCTTCCTGGCACCC,likely-pathogenic,C>T,P>L,missense,SMPD1,6609,2,477
rs753508874_1,rs753508874,GRCh38.p7,11,+,6393985,6393985,TATGATGAAGAGACTCTGAGCCGGCCGCTGGCTGTAGCCTTCCTGGCACCC,likely-pathogenic,C>A,P>Q,missense,SMPD1,6609,2,476
rs118203974,rs118203974,GRCh38.p7,12,+,32601410,32601410,ATTCCTCTTGCCAGAGCTGGAGAAACGAATGCAAGAATGGTAAGAGGAGTA,pathogenic,C>T,R>*,stop-gained,FGD4,121512,1,387
rs121908531,rs121908531,GRCh38.p7,12,+,32731118,32731118,CTTAACACTATTGACATTTTGACTGCCATTAGAAATGCTACTGTGAGTATG,pathogenic,C>A,A>D,missense,DNM1L,10059,2,395
rs121918707,rs121918707,GRCh38.p7,3,-,24143512,24143512,CCAAGGCAGCCACTGGAAGCAAAAACGGAAATTCCTGGTAAGGCTTCCTTG,"uncertain-significance,pathogenic",C>T,R>W,missense,THRB,7068,1,243
rs137852777,rs137852777,GRCh38.p7,6,+,52452742,52452742,AAATCCACCAGAGAAGATGGCTCTTGATCCTTACACTGAACTCCGAAAACA,"pathogenic,risk-factor",G>A,D>N,missense,EFHC1,114327,1,191
rs137854567,rs137854567,GRCh38.p7,5,+,112819272,112819272,AGTCCTTCATCTTTTGGAACAGATACGCGCTTACTGTGAAACCTGTTGGGA,"benign,benign-likely-benign,likely-benign,uncertain-significance,pathogenic,conflicting-interpretations-of-pathogenicity",C>T,R>C,missense,APC,324,1,414
rs147700538,rs147700538,GRCh38.p7,1,+,244842234,244842234,TCATGTGATGTTGGAGTAGGAGGGTTTATCTTGGTGACTTTGGGATGCTGG,likely-pathogenic,T>G,F>C,missense,COX20,116228,2,66
rs104893751,rs104893751,GRCh38.p7,3,+,9750423,9750423,GTTCTGCCTTCTGGACAATCTTTCCGGTGAGTGACTGAGCCTGAGAAGCCT,pathogenic,G>C,R>P,missense,OGG1,4968,2,46
rs540911439,rs540911439,GRCh38.p7,11,+,89191358,89191358,TGTAGAATTTTGCCTGAGTTTGACCCAATATGAATCTGGTTCCATGGATAA,pathogenic,C>T,Q>*,stop-gained,TYR,7299,1,326
rs781957465,rs781957465,GRCh38.p7,1,-,119967573,119967573,GCAGGAAAATGTGTGAACACGGATGGCGCCTTCCACTGTGAGTGTCTGAAG,likely-pathogenic,G>C,G>A,missense,NOTCH2,4853,2,438
rs369804798_0,rs369804798,GRCh38.p7,5,+,1216611,1216611,GTGTCCATCATCAACGGCTTCACATCGGTGTATGTGGCCATCGTGGTCTAC,"likely-pathogenic,uncertain-significance",C>A,S>*,stop-gained,SLC6A19,340024,2,314
rs369804798_1,rs369804798,GRCh38.p7,5,+,1216611,1216611,GTGTCCATCATCAACGGCTTCACATCGGTGTATGTGGCCATCGTGGTCTAC,"likely-pathogenic,uncertain-significance",C>T,S>L,missense,SLC6A19,340024,2,314
rs1131691655,rs1131691655,GRCh38.p7,2,-,178609769,178609769,AAGGACTTGAAGAGGGGAAAGAGTACCAATTCCGTGTGCGAGCAGAGAACG,pathogenic,C>G,Y>*,stop-gained,TTN,7273,3,15577
rs138452760,rs138452760,GRCh38.p7,12,-,42460089,42460089,TACGGACAGTACGCCCATGCCACTTCCGATTATGGCCTGCAGAACCCAGGA,"pathogenic,uncertain-significance",C>T,S>F,missense,PRICKLE1,144165,2,739
rs199473002,rs199473002,GRCh38.p7,7,-,150948971,150948971,TCGAACGGGGATGTGCGGGCCCTCACCTACTGTGACCTACACAAGATCCAT,"pathogenic,not-provided",C>T,T>I,missense,KCNH2,3757,2,826
rs886039756,rs886039756,GRCh38.p7,3,+,132665842,132665842,TTTAAGCCGCTTGATGGCATTGAAACGAATGGGAATTGTAAGCGACTATGA,pathogenic,C>T,R>*,stop-gained,UBA5,79876,1,5
rs879253875,rs879253875,GRCh38.p7,16,-,9829502,9829502,GCCTTCTTCGCTGTCATATTCCTGGCTAGCTACACAGCCAATCTGGCTGCC,likely-pathogenic,C>A,A>D,missense,GRIN2A,2903,2,643
rs199422181,rs199422181,GRCh38.p7,1,-,197100583,197100583,ATATAGAAAAGCAGCAGTGGTTTTACAAAATCACTACAGAGCATTTCTGTC,pathogenic,C>T,Q>*,stop-gained,ASPM,259266,1,2890
rs796064504,rs796064504,GRCh38.p7,12,-,102851704,102851704,TGTGCCCTTGTTTTCAGATCGCAGCTTTGCCCAGTTTTCCCAGGTAAGGAA,likely-pathogenic,T>C,F>L,missense,PAH,5053,1,299
rs281865453,rs281865453,GRCh38.p7,12,-,102843674,102843674,CCAGCCCCTCTATTACGTGGCAGAGAGTTTTAATGATGCCAAGGAGAAAGT,likely-pathogenic,A>G,S>G,missense,PAH,5053,1,391
rs387906952,rs387906952,GRCh38.p7,14,-,87945593,87945593,CCAGAGACCCATTACATGGGCTGCCGATGCATCCAACACAATCAGTATTAT,pathogenic,G>A,D>N,missense,GALC,2581,1,544
rs730880543,rs730880543,GRCh38.p7,11,-,47342731,47342731,CCACCCGGCTAGGCTGAAGGACGGGGTGGAGCTGACCCGGGAGGAGACCTT,"uncertain-significance,likely-pathogenic",G>A,V>M,missense,MYBPC3,4607,1,491
rs28933384,rs28933384,GRCh38.p7,21,-,34449615,34449615,CCCAGGATGATCCTGTCTAACACCACAGCGGTGACGCCCTTTCTGACCAAG,"not-provided,pathogenic",C>T,T>I,missense,KCNE1,3753,2,7
rs11555096_0,rs11555096,GRCh38.p7,15,+,80180184,80180184,CCACTCTGTCAACGGCTGCAACCTGCGGCCGGGGGACCTCCTGGCTTCTGG,"other,pathogenic",C>A,R>R,synonymous-codon,FAH,2184,1,341
rs11555096_1,rs11555096,GRCh38.p7,15,+,80180184,80180184,CCACTCTGTCAACGGCTGCAACCTGCGGCCGGGGGACCTCCTGGCTTCTGG,"other,pathogenic",C>T,R>W,missense,FAH,2184,1,341
rs139429793,rs139429793,GRCh38.p7,7,+,55155928,55155928,CGGCGTCCGCAAGTGTAAGAAGTGCGAAGGGCCTTGCCGCAAAGGTAGGAA,pathogenic,G>A,E>K,missense,EGFR,1956,1,285
rs121909803,rs121909803,GRCh38.p7,16,+,172913,172913,CCCACAGACTCAGAGAGAACCCACCATGGTGCTGTCTCCTGCCGACAAGAC,pathogenic,A>G,M>V,missense,HBA2,3040,1,1
rs201455840,rs201455840,GRCh38.p7,17,-,8228592,8228592,GTTGACGAGCCCATGACCATGTTCCTCTGGACACTTTGTACTAGCCCCTCT,pathogenic,T>A,L>H,missense,CTC1,80169,2,1142
rs4010613,rs4010613,GRCh38.p7,X,+,153743055,153743055,CGAGAAGCAGAGAATCGGCATGGCCCGCATGTTCTACCACAGGTGAGCACT,pathogenic,C>T,R>C,missense,ABCD1,215,1,617
rs121912455,rs121912455,GRCh38.p7,21,+,31666496,31666496,CTTTAATCCTCTATCCAGAAAACACGGTGGGCCAAAGGATGAAGAGAGGTA,pathogenic,G>A,G>S,missense,SOD1,6647,1,73
rs1158151918,rs1158151918,GRCh38.p7,17,+,67944294,67944294,TGCAATGCCAAATGGTACTGTTCAGCGATTCCTCTTTACCCCATTGGCAAC,pathogenic,C>A,R>R,synonymous-codon,BPTF,2186,1,2334
rs397515945,rs397515945,GRCh38.p7,11,-,47351325,47351325,GGCACACGGCATACGCTGACAGTGCGGGAAGTGGGCCCTGCCGACCAGGGA,"pathogenic,likely-benign",G>A,R>Q,missense,MYBPC3,4607,2,69
rs72653137,rs72653137,GRCh38.p7,17,-,50190008,50190008,CCTGCCGGACCCGCTGGACCCCCTGGCCCCATTGTGAGTGGCTTGGCCCTC,pathogenic,G>A,G>D,missense,COL1A1,1277,2,851
rs745688122,rs745688122,GRCh38.p7,10,-,95693897,95693897,GACCCGGAGGCCCTGAATGCCCCATGCGCACCCCACAGCTCGCGCTCCTGC,pathogenic,G>A,M>I,missense,TCTN3,26123,3,1
rs137854441,rs137854441,GRCh38.p7,8,-,143728053,143728053,CCCGCAGCTCACGCCGGCGCGCCCGCAAGGCCTGTTCGAGAAGCTTCGCGG,pathogenic,C>T,Q>*,stop-gained,FAM83H,286077,1,470
rs281874706,rs281874706,GRCh38.p7,X,+,108568638,108568638,TTATTTCTTCTTATAGGGTCCTCCTGGACTTCCTGGATTTCCAGGGACACC,pathogenic,G>A,G>R,missense,COL4A5,1287,1,96
rs875989841,rs875989841,GRCh38.p7,6,-,165418735,165418735,GGTGAATGCCGATCGTTGTGCGCTTTTCCAGGTGGACCATAAGAACAAGGA,pathogenic,T>C,F>L,missense,PDE10A,10846,1,300
rs730881238,rs730881238,GRCh38.p7,5,+,112835074,112835074,ATTTTTGGTTGGCACTCTTACTTACCGGAGCCAGACAAACACTTTAGCCAT,"likely-pathogenic,uncertain-significance",C>T,R>W,missense,APC,324,1,623
rs372659908,rs372659908,GRCh38.p7,6,-,135433081,135433081,GAGAGAAGATTCTGCCATATTGGTCCGACAGTTTGATGTTCACAAAAGTTT,pathogenic,C>T,R>*,stop-gained,AHI1,54806,1,738
rs587779661,rs587779661,GRCh38.p7,2,+,188998267,188998267,TAATACAAATATGATTCTTTCTAGGGCTTGCCTGGTACAGGTGGTCCTCCA,pathogenic,G>T,G>V,missense,COL3A1,1281,2,642
rs121918364,rs121918364,GRCh38.p7,X,+,100662227,100662227,ATCCAGGATGGAGAAGCCACATGCTACTCACCGAAGGGAGGAAATTATCAC,pathogenic,A>C,Y>S,missense,SRPX2,27286,2,72
rs757676723,rs757676723,GRCh38.p7,1,-,215639190,215639190,ACGACTGACGAAGGAAGTGTTAAGACGCCGTTGATCCAATATGATACCTCT,likely-pathogenic,C>T,T>M,missense,USH2A,7399,2,5006
rs755875230,rs755875230,GRCh38.p7,19,+,38448674,38448674,GAGAAGCTGGATGTGGCCCCCAAGCGGGATGTGGAGGGCATGGGCCCCCCT,likely-pathogenic,G>A,R>Q,missense,RYR1,6261,2,328
rs100,SAMPLE,1,1,1,1,1,GCTGGGCGCGGACATGGAGGACGTGCGCGGCCGCCTGGTGCAGTACCGCGG,jjj,C>T,F,F,F,F,1,3
rs101,TEST1,1,1,1,1,1,GCTGGGCGCGGACATGGAGGACGGGCGCGGCCGCCTGGTGCAGTACCGCGG,h,C>T,F,F,F,F,1,2
rs102,TEST2,1,1,1,1,1,GCTGGGCGCGCGCATGGAGGACGGGCGCGGCCGCCTGGTGCAGTACCGCGG,,C>T,F,F,F,F,1,2
rs103,TEST3,1,1,1,1,1,GCTGGGCGCGGACATGGAGGACGGGTGGGGCCGCCTGGTGCAGGAGCGCGG,c,T>C,F,F,F,F,1,2
